2.739560,-0.611216
3.585979,1.973680
-4.058227,4.756224
2.611397,2.860643
-3.718864,-0.496141
-1.292020,4.267650
1.438651,3.227616
-0.565858,-2.727613
0.545848,-4.361827
3.276312,1.316644
2.580877,-1.454740
4.706980,3.931211
2.783835,-3.053613
-0.332790,-4.561962
-3.457105,1.830490
2.447622,4.675097
-1.741746,-1.295403
-0.304442,-3.105286
-3.700785,-0.242951
-2.730907,1.698140
-0.628481,3.326782
2.002651,-1.876334
3.322598,3.047644
-1.125216,-2.116719
1.824955,-3.602475
-3.000918,-4.926377
2.869244,1.648509
2.051654,2.807290
-0.410842,0.687412
-3.602030,-3.854699
1.684030,-0.289038
0.652361,2.649989
1.347183,0.535794
0.592072,-1.960499
-4.691822,-0.632826
-2.854153,-0.914714
3.534031,-2.660605
-4.416973,-2.186161
-2.064062,1.619165
0.570322,2.838982
1.643135,-0.936131
3.140204,-3.330271
-4.772879,-4.099521
2.223594,-0.381228
-3.387282,0.010448
-3.476879,1.963204
-0.538437,-1.189788
-1.984879,1.302826
-1.381874,-4.123501
-3.819941,4.618977
4.085807,1.997071
-2.341300,4.691764
2.787509,2.168902
-0.506385,-2.277584
-4.036090,4.026024
-0.442237,-2.976366
-1.940434,0.792196
-3.232272,3.566143
2.585195,2.194630
-0.679070,1.273088
